base_url,http://www.xvideos.com
Amateur,/c/Amateur-17
Anal,/c/Anal-12
Asian Woman,/c/Asian%20Woman-32
Ass,/c/Ass-14
Ass to Mouth,/c/Ass%20to%20Mouth-29
Big Ass,/c/Big%20Ass-24
BBW,/c/bbw-51
Bi,/c/Bi%20Sexual-62
Big Cock,/c/Big%20Cock-34
Big Tits,/c/Big%20Tits-23
Black Woman,/c/Black%20Woman-30
Blonde,/c/Blonde-20
Blowjob,/c/Blowjob-15
Brunette,/c/Brunette-25
Cam Porn,/c/Cam_Porn-58
Creampie,/c/Creampie-40
Cumshot,/c/Cumshot-18
Gay,/c/Gay-45
Hardcore,/c/Hardcore-35
Huge Tits,/c/Huge%20Tits-46
Interracial,/c/Interracial-27
Latina,/c/Latina-16
Lesbian,/c/Lesbian-26
Milf,/c/Milf-19
Oiled,/c/Oiled-22
Redhead,/c/Redhead-31
Shemale,/c/Shemale-36
Solo,/c/Solo%20&%20Masturbation-33
Stockings,/c/Stockings-28
Teen,/c/Teen-13
Best,/best
Best Month,/best/month
Best Week,/best/week
Best Day,/best/day
New,/new/
